area_fips,state_fips,county_fips,year,primary_jobs,all_jobs,mult_job_hldg_rate
08001,08,001,2002,137018,146417,0.06859682669430289
08001,08,001,2003,132734,141374,0.06509259119743249
08001,08,001,2004,135505,144828,0.06880188922917974
08001,08,001,2005,138858,148303,0.06801912745394567
08001,08,001,2006,141793,152194,0.07335340954772107
08001,08,001,2007,148643,159884,0.07562414644483773
08001,08,001,2008,150685,161078,0.0689716959219564
08001,08,001,2009,142440,151795,0.0656767761864645
08001,08,001,2010,144018,153324,0.06461692288463938
08001,08,001,2011,153389,163253,0.06430708851351796
08001,08,001,2012,156348,166210,0.06307723795635378
08001,08,001,2013,163245,173725,0.06419798462433768
08001,08,001,2014,178698,189473,0.06029726130118962
08001,08,001,2015,186554,197867,0.06064195889661983
08001,08,001,2016,192988,204925,0.06185358675150776
08001,08,001,2017,202356,214858,0.061782205617822106
08001,08,001,2018,207552,221261,0.06605091736046864
08001,08,001,2019,213473,228036,0.06821940011148953
08001,08,001,2020,211910,224242,0.0581945165400406
08001,08,001,2021,206325,218933,0.06110747606930822
08001,08,001,2022,228774,244151,0.06721480587829043
08003,08,003,2002,6206,6768,0.09055752497582992
08003,08,003,2003,6129,6635,0.08255832925436457
08003,08,003,2004,6009,6542,0.08870028290896981
08003,08,003,2005,6207,6823,0.09924279039793782
08003,08,003,2006,6274,6828,0.08830092445011162
08003,08,003,2007,6248,6810,0.08994878361075553
08003,08,003,2008,6758,7328,0.08434448061556665
08003,08,003,2009,6508,6935,0.06561155500921934
08003,08,003,2010,7001,7554,0.07898871589772893
08003,08,003,2011,6494,7026,0.08192177394518008
08003,08,003,2012,6363,6908,0.08565142228508571
08003,08,003,2013,5859,6359,0.08533879501621433
08003,08,003,2014,6570,7136,0.08614916286149166
08003,08,003,2015,6661,7262,0.09022669268878536
08003,08,003,2016,7011,7566,0.07916131792896874
08003,08,003,2017,6640,7150,0.07680722891566272
08003,08,003,2018,7001,7670,0.09555777746036287
08003,08,003,2019,6283,6878,0.09469998408403635
08003,08,003,2020,6238,6675,0.07005450464892604
08003,08,003,2021,6859,7408,0.08004082227729992
08003,08,003,2022,7129,7698,0.07981484079113477
08005,08,005,2002,261127,278055,0.0648266935246069
08005,08,005,2003,259016,274965,0.06157534669672926
08005,08,005,2004,248454,265414,0.06826213303066164
08005,08,005,2005,256054,273753,0.06912213829895264
08005,08,005,2006,258370,276393,0.0697565506831288
08005,08,005,2007,259638,278098,0.07109899167302158
08005,08,005,2008,266831,285041,0.06824544374529196
08005,08,005,2009,243405,258989,0.0640249789445575
08005,08,005,2010,254599,270203,0.061288536090086776
08005,08,005,2011,266519,284027,0.06569137659979218
08005,08,005,2012,272997,290112,0.06269299662633654
08005,08,005,2013,276830,294579,0.06411516092908998
08005,08,005,2014,278980,296856,0.0640762778693813
08005,08,005,2015,299037,318472,0.06499195751696285
08005,08,005,2016,308578,329822,0.06884483015639487
08005,08,005,2017,311474,333021,0.06917752364563334
08005,08,005,2018,311607,334053,0.07203304161973256
08005,08,005,2019,315397,338223,0.07237228001534568
08005,08,005,2020,310972,328850,0.05749070655878996
08005,08,005,2021,303451,322044,0.061271836309651384
08005,08,005,2022,318428,340271,0.0685963545919328
08007,08,007,2002,2604,2803,0.07642089093701987
08007,08,007,2003,2566,2750,0.0717069368667187
08007,08,007,2004,2916,3136,0.07544581618655699
08007,08,007,2005,2898,3159,0.09006211180124213
08007,08,007,2006,3108,3380,0.08751608751608742
08007,08,007,2007,3237,3522,0.08804448563484701
08007,08,007,2008,3135,3366,0.0736842105263158
08007,08,007,2009,3167,3409,0.07641300915693083
08007,08,007,2010,2559,2726,0.06525986713559995
08007,08,007,2011,2916,3170,0.0871056241426611
08007,08,007,2012,2785,2972,0.06714542190305206
08007,08,007,2013,2965,3180,0.07251264755480613
08007,08,007,2014,2992,3218,0.07553475935828868
08007,08,007,2015,3334,3622,0.08638272345530895
08007,08,007,2016,3650,3966,0.08657534246575338
08007,08,007,2017,3742,4083,0.09112773917691075
08007,08,007,2018,3946,4328,0.09680689305625956
08007,08,007,2019,3969,4312,0.08641975308641969
08007,08,007,2020,3788,4041,0.0667898627243928
08007,08,007,2021,3710,3974,0.07115902964959564
08007,08,007,2022,4326,4685,0.0829865926953306
08009,08,009,2002,935,997,0.06631016042780757
08009,08,009,2003,748,813,0.08689839572192515
08009,08,009,2004,1095,1203,0.09863013698630141
08009,08,009,2005,1016,1128,0.11023622047244097
08009,08,009,2006,1045,1175,0.12440191387559807
08009,08,009,2007,1117,1217,0.08952551477171
08009,08,009,2008,1001,1079,0.07792207792207795
08009,08,009,2009,1146,1270,0.10820244328097739
08009,08,009,2010,1119,1216,0.08668453976764967
08009,08,009,2011,1126,1208,0.07282415630550632
08009,08,009,2012,1084,1149,0.05996309963099633
08009,08,009,2013,1011,1097,0.08506429277942629
08009,08,009,2014,1019,1112,0.09126594700686952
08009,08,009,2015,787,856,0.08767471410419314
08009,08,009,2016,1038,1112,0.07129094412331405
08009,08,009,2017,965,1036,0.07357512953367884
08009,08,009,2018,989,1066,0.0778564206268959
08009,08,009,2019,1016,1084,0.06692913385826782
08009,08,009,2020,1018,1086,0.06679764243614938
08009,08,009,2021,1076,1138,0.05762081784386619
08009,08,009,2022,1200,1280,0.06666666666666665
08011,08,011,2002,1017,1076,0.058013765978367715
08011,08,011,2003,1081,1169,0.08140610545790938
08011,08,011,2004,911,942,0.034028540065861757
08011,08,011,2005,886,933,0.053047404063205406
08011,08,011,2006,877,921,0.05017103762827824
08011,08,011,2007,880,932,0.05909090909090908
08011,08,011,2008,800,851,0.06374999999999997
08011,08,011,2009,1024,1071,0.0458984375
08011,08,011,2010,1218,1294,0.06239737274220025
08011,08,011,2011,1029,1102,0.07094266277939743
08011,08,011,2012,957,1001,0.04597701149425282
08011,08,011,2013,967,1012,0.046535677352637084
08011,08,011,2014,953,1011,0.060860440713536246
08011,08,011,2015,1067,1109,0.03936269915651369
08011,08,011,2016,1064,1118,0.050751879699248104
08011,08,011,2017,958,1041,0.08663883089770352
08011,08,011,2018,1014,1071,0.056213017751479244
08011,08,011,2019,953,999,0.0482686253934943
08011,08,011,2020,969,1021,0.05366357069143457
08011,08,011,2021,885,930,0.05084745762711873
08011,08,011,2022,797,842,0.05646173149309908
08013,08,013,2002,138029,146394,0.06060320657253193
08013,08,013,2003,129737,137443,0.059397087954862426
08013,08,013,2004,137402,146467,0.06597429440619496
08013,08,013,2005,137390,146749,0.06811995050585917
08013,08,013,2006,140026,149462,0.06738748518132343
08013,08,013,2007,139069,148396,0.06706742696071744
08013,08,013,2008,148939,159163,0.06864555287735241
08013,08,013,2009,140638,149398,0.06228757519304873
08013,08,013,2010,143430,152139,0.06071951474586901
08013,08,013,2011,146890,156021,0.06216216216216219
08013,08,013,2012,144202,152944,0.06062329232604258
08013,08,013,2013,144610,153678,0.06270659013899449
08013,08,013,2014,153681,163123,0.06143895471788974
08013,08,013,2015,153747,162979,0.060046700098213224
08013,08,013,2016,162762,173237,0.06435777392757513
08013,08,013,2017,165154,175801,0.06446710343073736
08013,08,013,2018,168051,178783,0.06386156583418123
08013,08,013,2019,172941,184131,0.0647041476572936
08013,08,013,2020,159139,166664,0.04728570620652395
08013,08,013,2021,160048,167983,0.04957887633709879
08013,08,013,2022,176432,186304,0.0559535685136483
08014,08,014,2002,24141,25344,0.04983223561575745
08014,08,014,2003,24867,26183,0.05292154260666737
08014,08,014,2004,26872,28332,0.054331646323310556
08014,08,014,2005,27368,29007,0.059887459807073995
08014,08,014,2006,29169,30977,0.06198361273955233
08014,08,014,2007,29092,30995,0.06541317200604979
08014,08,014,2008,30734,32700,0.06396824363896658
08014,08,014,2009,27441,29074,0.059509493094275
08014,08,014,2010,29454,31132,0.05697019080600252
08014,08,014,2011,27778,29250,0.052991576067391355
08014,08,014,2012,30052,31646,0.05304139491547977
08014,08,014,2013,32019,33765,0.05453012273962332
08014,08,014,2014,29285,31151,0.06371862728359234
08014,08,014,2015,30971,32787,0.05863549772367693
08014,08,014,2016,34709,36903,0.06321127085194034
08014,08,014,2017,35582,37914,0.06553875555055932
08014,08,014,2018,36664,38889,0.060686231725943784
08014,08,014,2019,36835,39130,0.06230487308266586
08014,08,014,2020,36903,38514,0.043654987399398326
08014,08,014,2021,38587,40696,0.05465571306398531
08014,08,014,2022,39773,42008,0.05619390038468297
08015,08,015,2002,5221,5626,0.07757134648534758
08015,08,015,2003,4798,5160,0.07544810337640673
08015,08,015,2004,5335,5816,0.09015932521087167
08015,08,015,2005,5369,5842,0.08809834233563052
08015,08,015,2006,5380,5881,0.09312267657992557
08015,08,015,2007,5239,5668,0.08188585607940446
08015,08,015,2008,5363,5829,0.08689166511280999
08015,08,015,2009,5370,5863,0.09180633147113593
08015,08,015,2010,5291,5747,0.08618408618408613
08015,08,015,2011,5486,5992,0.09223477943857095
08015,08,015,2012,5701,6137,0.07647781091036654
08015,08,015,2013,5806,6307,0.08629004478126068
08015,08,015,2014,6129,6653,0.08549518681677282
08015,08,015,2015,6201,6749,0.0883728430898243
08015,08,015,2016,6459,7024,0.08747484130670391
08015,08,015,2017,6743,7381,0.09461663947797727
08015,08,015,2018,6980,7668,0.09856733524355299
08015,08,015,2019,7091,7761,0.09448596812861365
08015,08,015,2020,6762,7293,0.0785270629991126
08015,08,015,2021,7188,7742,0.07707289927657213
08015,08,015,2022,7743,8489,0.09634508588402424
08017,08,017,2002,639,695,0.08763693270735518
08017,08,017,2003,653,709,0.08575803981623276
08017,08,017,2004,683,720,0.05417276720351394
08017,08,017,2005,617,657,0.06482982171799034
08017,08,017,2006,667,708,0.06146926536731634
08017,08,017,2007,580,634,0.09310344827586214
08017,08,017,2008,683,737,0.07906295754026349
08017,08,017,2009,604,665,0.10099337748344372
08017,08,017,2010,618,646,0.0453074433656957
08017,08,017,2011,667,737,0.10494752623688153
08017,08,017,2012,542,573,0.05719557195571956
08017,08,017,2013,646,684,0.05882352941176472
08017,08,017,2014,658,709,0.07750759878419444
08017,08,017,2015,527,567,0.0759013282732448
08017,08,017,2016,565,621,0.09911504424778772
08017,08,017,2017,601,654,0.08818635607321124
08017,08,017,2018,577,624,0.08145580589254764
08017,08,017,2019,582,628,0.07903780068728516
08017,08,017,2020,578,628,0.08650519031141868
08017,08,017,2021,590,644,0.09152542372881345
08017,08,017,2022,546,594,0.08791208791208782
08019,08,019,2002,2275,2536,0.11472527472527472
08019,08,019,2003,2683,2924,0.08982482295937388
08019,08,019,2004,2575,2833,0.10019417475728165
08019,08,019,2005,2569,2843,0.10665628649279868
08019,08,019,2006,2651,2932,0.10599773670313084
08019,08,019,2007,2763,3038,0.09952949692363378
08019,08,019,2008,2939,3276,0.11466485199047294
08019,08,019,2009,2434,2638,0.0838126540673787
08019,08,019,2010,2211,2404,0.08729081863410215
08019,08,019,2011,2666,2923,0.09639909977494376
08019,08,019,2012,2677,3009,0.12401942472917438
08019,08,019,2013,2749,3015,0.09676245907602765
08019,08,019,2014,2805,3077,0.09696969696969693
08019,08,019,2015,2480,2654,0.07016129032258056
08019,08,019,2016,2605,2881,0.10595009596928984
08019,08,019,2017,2651,2950,0.11278762731044889
08019,08,019,2018,2841,3184,0.12073213657162962
08019,08,019,2019,3134,3557,0.13497128270580738
08019,08,019,2020,2624,2813,0.07202743902439024
08019,08,019,2021,3170,3439,0.08485804416403786
08019,08,019,2022,3260,3605,0.10582822085889565
08021,08,021,2002,1016,1097,0.07972440944881898
08021,08,021,2003,1218,1340,0.10016420361247946
08021,08,021,2004,1148,1214,0.057491289198606355
08021,08,021,2005,1137,1251,0.10026385224274414
08021,08,021,2006,1015,1092,0.07586206896551717
08021,08,021,2007,1015,1096,0.0798029556650246
08021,08,021,2008,675,716,0.06074074074074076
08021,08,021,2009,771,816,0.05836575875486383
08021,08,021,2010,815,859,0.053987730061349604
08021,08,021,2011,847,888,0.04840613931523019
08021,08,021,2012,924,988,0.06926406926406936
08021,08,021,2013,1126,1202,0.06749555950266428
08021,08,021,2014,1086,1148,0.057090239410681365
08021,08,021,2015,1506,1599,0.06175298804780871
08021,08,021,2016,1283,1388,0.08183943881527678
08021,08,021,2017,1320,1462,0.10757575757575766
08021,08,021,2018,1364,1493,0.09457478005865094
08021,08,021,2019,1266,1361,0.07503949447077418
08021,08,021,2020,1270,1369,0.07795275590551176
08021,08,021,2021,1169,1245,0.06501283147989745
08021,08,021,2022,1362,1484,0.08957415565345084
08023,08,023,2002,930,1011,0.08709677419354844
08023,08,023,2003,654,710,0.08562691131498479
08023,08,023,2004,787,860,0.09275730622617528
08023,08,023,2005,501,563,0.12375249500997998
08023,08,023,2006,526,579,0.10076045627376429
08023,08,023,2007,649,705,0.08628659476117106
08023,08,023,2008,457,486,0.06345733041575485
08023,08,023,2009,485,523,0.07835051546391747
08023,08,023,2010,358,395,0.1033519553072626
08023,08,023,2011,448,480,0.0714285714285714
08023,08,023,2012,662,715,0.08006042296072513
08023,08,023,2013,736,797,0.08288043478260865
08023,08,023,2014,713,791,0.10939691444600275
08023,08,023,2015,651,735,0.12903225806451624
08023,08,023,2016,728,835,0.1469780219780219
08023,08,023,2017,785,908,0.15668789808917194
08023,08,023,2018,721,811,0.12482662968099856
08023,08,023,2019,842,942,0.11876484560570066
08023,08,023,2020,837,921,0.10035842293906816
08023,08,023,2021,810,905,0.11728395061728403
08023,08,023,2022,658,731,0.11094224924012153
08025,08,025,2002,769,825,0.07282184655396629
08025,08,025,2003,478,525,0.09832635983263605
08025,08,025,2004,485,519,0.07010309278350513
08025,08,025,2005,655,702,0.07175572519083961
08025,08,025,2006,689,731,0.060957910014513894
08025,08,025,2007,742,789,0.06334231805929913
08025,08,025,2008,800,850,0.0625
08025,08,025,2009,814,866,0.06388206388206386
08025,08,025,2010,831,888,0.06859205776173294
08025,08,025,2011,860,900,0.04651162790697683
08025,08,025,2012,990,1028,0.03838383838383841
08025,08,025,2013,904,963,0.06526548672566368
08025,08,025,2014,971,1008,0.03810504634397538
08025,08,025,2015,919,973,0.05875952121871597
08025,08,025,2016,975,1020,0.04615384615384621
08025,08,025,2017,998,1055,0.05711422845691372
08025,08,025,2018,998,1081,0.08316633266533069
08025,08,025,2019,923,978,0.0595882990249188
08025,08,025,2020,720,753,0.04583333333333339
08025,08,025,2021,737,798,0.0827679782903663
08025,08,025,2022,698,742,0.06303724928366772
08027,08,027,2002,760,811,0.06710526315789478
08027,08,027,2003,727,758,0.04264099037138935
08027,08,027,2004,752,807,0.0731382978723405
08027,08,027,2005,710,776,0.09295774647887334
08027,08,027,2006,740,795,0.07432432432432434
08027,08,027,2007,743,777,0.04576043068640656
08027,08,027,2008,762,801,0.051181102362204633
08027,08,027,2009,757,793,0.047556142668428114
08027,08,027,2010,747,792,0.06024096385542177
08027,08,027,2011,730,775,0.06164383561643838
08027,08,027,2012,679,727,0.07069219440353458
08027,08,027,2013,660,701,0.06212121212121202
08027,08,027,2014,845,903,0.06863905325443787
08027,08,027,2015,833,903,0.08403361344537807
08027,08,027,2016,759,825,0.08695652173913038
08027,08,027,2017,716,775,0.08240223463687157
08027,08,027,2018,714,762,0.0672268907563025
08027,08,027,2019,775,849,0.09548387096774191
08027,08,027,2020,744,803,0.07930107526881724
08027,08,027,2021,741,819,0.10526315789473695
08027,08,027,2022,910,996,0.09450549450549461
08029,08,029,2002,6430,6905,0.0738724727838258
08029,08,029,2003,6002,6470,0.0779740086637788
08029,08,029,2004,6419,6920,0.07804954042685774
08029,08,029,2005,6470,7020,0.08500772797527056
08029,08,029,2006,7053,7607,0.07854813554515805
08029,08,029,2007,7481,8039,0.07458895869536164
08029,08,029,2008,7593,8096,0.06624522586592918
08029,08,029,2009,7540,8014,0.06286472148541122
08029,08,029,2010,7471,7949,0.06398072547182432
08029,08,029,2011,7307,7769,0.06322704256192702
08029,08,029,2012,7618,8121,0.06602782882646374
08029,08,029,2013,7056,7481,0.06023242630385495
08029,08,029,2014,7483,8040,0.07443538687692097
08029,08,029,2015,7179,7683,0.07020476389469277
08029,08,029,2016,6930,7463,0.07691197691197682
08029,08,029,2017,7117,7701,0.08205704650836032
08029,08,029,2018,7434,8034,0.08071025020177558
08029,08,029,2019,7180,7850,0.0933147632311977
08029,08,029,2020,6967,7477,0.07320223912731438
08029,08,029,2021,6466,6951,0.07500773275595418
08029,08,029,2022,6619,7164,0.0823387218613083
08031,08,031,2002,407658,436138,0.06986248276741769
08031,08,031,2003,390434,417020,0.06809345497574504
08031,08,031,2004,394379,423001,0.07257485819478227
08031,08,031,2005,392487,421788,0.07465470193917256
08031,08,031,2006,396760,426968,0.07613670732936795
08031,08,031,2007,406397,436260,0.07348233377707025
08031,08,031,2008,401593,430570,0.07215514214640195
08031,08,031,2009,403686,430557,0.06656411171058685
08031,08,031,2010,404208,430988,0.06625301824803076
08031,08,031,2011,408776,436432,0.06765563536019736
08031,08,031,2012,418389,445333,0.06439939864575783
08031,08,031,2013,425002,453319,0.06662792175095644
08031,08,031,2014,443212,473445,0.06821340577421187
08031,08,031,2015,462994,494287,0.0675883488770912
08031,08,031,2016,470175,504118,0.07219226883607166
08031,08,031,2017,466139,500289,0.07326140915048951
08031,08,031,2018,494425,531593,0.07517419224351518
08031,08,031,2019,493282,529574,0.07357252038387774
08031,08,031,2020,465441,491151,0.05523793563523616
08031,08,031,2021,474402,500291,0.05457186099552702
08031,08,031,2022,520273,554332,0.065463708476126925
08033,08,033,2002,337,360,0.06824925816023741
08033,08,033,2003,310,330,0.06451612903225801
08033,08,033,2004,333,371,0.1141141141141142
08033,08,033,2005,266,289,0.08646616541353391
08033,08,033,2006,284,312,0.09859154929577474
08033,08,033,2007,284,304,0.07042253521126751
08033,08,033,2008,352,391,0.11079545454545459
08033,08,033,2009,346,372,0.07514450867052025
08033,08,033,2010,299,332,0.11036789297658856
08033,08,033,2011,332,375,0.12951807228915668
08033,08,033,2012,338,374,0.10650887573964507
08033,08,033,2013,413,461,0.116222760290557
08033,08,033,2014,498,546,0.09638554216867479
08033,08,033,2015,965,1023,0.060103626943005084
08033,08,033,2016,396,439,0.10858585858585856
08033,08,033,2017,423,456,0.07801418439716312
08033,08,033,2018,463,503,0.08639308855291583
08033,08,033,2019,435,476,0.09425287356321843
08033,08,033,2020,399,437,0.09523809523809534
08033,08,033,2021,374,413,0.10427807486631013
08033,08,033,2022,412,469,0.13834951456310685
08035,08,035,2002,63817,69008,0.08134196217308864
08035,08,035,2003,63626,68480,0.07628956715808011
08035,08,035,2004,67262,72846,0.08301864351342503
08035,08,035,2005,75586,81703,0.08092768502103564
08035,08,035,2006,79578,86047,0.08129131166905434
08035,08,035,2007,85712,92409,0.07813375023333946
08035,08,035,2008,90393,97335,0.07679798214463518
08035,08,035,2009,79805,85764,0.07466950692312513
08035,08,035,2010,89319,95725,0.07172046261153842
08035,08,035,2011,88128,94475,0.07202024328249812
08035,08,035,2012,94311,100827,0.06909056207653408
08035,08,035,2013,97624,104691,0.07238998606899938
08035,08,035,2014,102256,109403,0.06989320920043807
08035,08,035,2015,104099,111520,0.07128790862544299
08035,08,035,2016,102452,110083,0.0744836606410808
08035,08,035,2017,115914,124473,0.07383922563279666
08035,08,035,2018,121456,129969,0.07009122645237786
08035,08,035,2019,122583,131244,0.07065416901201638
08035,08,035,2020,120509,127876,0.06113236355790863
08035,08,035,2021,123742,131283,0.06094131337783448
08035,08,035,2022,130002,138928,0.0686604821464285
08037,08,037,2002,22576,25639,0.13567505315379158
08037,08,037,2003,21413,24627,0.1500957362349975
08037,08,037,2004,21684,25034,0.1544917911824386
08037,08,037,2005,22946,26289,0.1456898805892095
08037,08,037,2006,24339,28025,0.15144418423106942
08037,08,037,2007,25580,29449,0.15125097732603598
08037,08,037,2008,26176,29806,0.13867665036674826
08037,08,037,2009,24896,28270,0.13552377892030854
08037,08,037,2010,23188,26398,0.1384336725892703
08037,08,037,2011,23817,27370,0.14917915774446833
08037,08,037,2012,21863,25214,0.15327265242647403
08037,08,037,2013,23134,26843,0.16032679173510855
08037,08,037,2014,24161,27982,0.15814742767269574
08037,08,037,2015,24716,28679,0.16034147920375474
08037,08,037,2016,24946,29209,0.1708891205002807
08037,08,037,2017,25500,29792,0.16831372549019608
08037,08,037,2018,26392,31092,0.17808426795998789
08037,08,037,2019,28360,33220,0.1713681241184768
08037,08,037,2020,24922,27421,0.10027285129604357
08037,08,037,2021,28750,33219,0.15544347826086957
08037,08,037,2022,29180,33902,0.16182316655243323
08039,08,039,2002,3127,3352,0.0719539494723378
08039,08,039,2003,3065,3293,0.07438825448613384
08039,08,039,2004,3155,3428,0.08652931854199686
08039,08,039,2005,3113,3367,0.08159331834243488
08039,08,039,2006,3496,3751,0.07294050343249436
08039,08,039,2007,3151,3372,0.07013646461440803
08039,08,039,2008,3164,3377,0.06731984829329951
08039,08,039,2009,2902,3120,0.07512060647829077
08039,08,039,2010,2709,2922,0.07862679955703222
08039,08,039,2011,2704,2903,0.07359467455621305
08039,08,039,2012,2922,3160,0.08145106091717991
08039,08,039,2013,2972,3248,0.09286675639300124
08039,08,039,2014,3132,3397,0.08461047254150711
08039,08,039,2015,3210,3459,0.07757009345794397
08039,08,039,2016,3337,3585,0.07431824992508251
08039,08,039,2017,3458,3709,0.0725853094274147
08039,08,039,2018,3585,3884,0.08340306834030686
08039,08,039,2019,3708,3973,0.0714670981661274
08039,08,039,2020,3348,3586,0.07108721624850656
08039,08,039,2021,3920,4206,0.07295918367346932
08039,08,039,2022,4383,4695,0.07118412046543465
08041,08,041,2002,205388,217475,0.058849591991742445
08041,08,041,2003,198692,209568,0.05473798643126049
08041,08,041,2004,211676,224076,0.058580094106086555
08041,08,041,2005,212671,225827,0.061860808478824136
08041,08,041,2006,212661,225802,0.06179318257696531
08041,08,041,2007,219570,233571,0.06376554174067506
08041,08,041,2008,211232,223722,0.05912929859112248
08041,08,041,2009,202153,213210,0.054696195455917085
08041,08,041,2010,195390,206195,0.055299657096064214
08041,08,041,2011,209178,221296,0.057931522435437754
08041,08,041,2012,209335,221271,0.057018654310077244
08041,08,041,2013,216397,229324,0.05973742704381291
08041,08,041,2014,223897,237344,0.06005886635372515
08041,08,041,2015,226701,240399,0.060423200603437976
08041,08,041,2016,236559,251189,0.06184503654479423
08041,08,041,2017,246030,262101,0.06532130228020971
08041,08,041,2018,251688,268146,0.06539048345570708
08041,08,041,2019,252343,268864,0.06547041130524733
08041,08,041,2020,248399,262051,0.05495996360693889
08041,08,041,2021,248704,262553,0.055684669325784864
08041,08,041,2022,261197,277081,0.060812337048281595
08043,08,043,2002,9573,10160,0.06131829102684638
08043,08,043,2003,8727,9218,0.05626217485963103
08043,08,043,2004,9430,9908,0.050689289501590684
08043,08,043,2005,9507,10101,0.06248027769012299
08043,08,043,2006,8934,9412,0.05350346989030674
08043,08,043,2007,10108,10687,0.05728136129798189
08043,08,043,2008,9672,10130,0.04735318444995862
08043,08,043,2009,8950,9426,0.05318435754189954
08043,08,043,2010,10640,11116,0.044736842105263186
08043,08,043,2011,10398,10932,0.05135603000577027
08043,08,043,2012,9563,10031,0.048938617588622835
08043,08,043,2013,10163,10728,0.05559382072222774
08043,08,043,2014,9890,10375,0.04903943377148634
08043,08,043,2015,9683,10227,0.056180935660435916
08043,08,043,2016,9739,10305,0.058116849779238144
08043,08,043,2017,10115,10742,0.06198714780029668
08043,08,043,2018,9947,10532,0.05881170202070973
08043,08,043,2019,10238,10816,0.056456339128736044
08043,08,043,2020,10003,10510,0.05068479456163155
08043,08,043,2021,10058,10586,0.05249552594949303
08043,08,043,2022,10401,10934,0.05124507258917421
08045,08,045,2002,15710,16960,0.0795671546785488
08045,08,045,2003,15547,16717,0.07525567633627062
08045,08,045,2004,16453,17932,0.08989242083510596
08045,08,045,2005,17394,19062,0.09589513625388069
08045,08,045,2006,20199,21993,0.08881627803356595
08045,08,045,2007,22077,24144,0.09362685147438521
08045,08,045,2008,22235,24196,0.08819428828423659
08045,08,045,2009,20305,21978,0.08239349913814342
08045,08,045,2010,18122,19694,0.08674539234080125
08045,08,045,2011,19598,21299,0.08679457087457898
08045,08,045,2012,20089,21806,0.08546966001294232
08045,08,045,2013,20653,22414,0.08526606304168882
08045,08,045,2014,20613,22413,0.08732353369233015
08045,08,045,2015,21904,23898,0.09103360116873627
08045,08,045,2016,22063,24162,0.0951366541268186
08045,08,045,2017,22202,24319,0.09535177011080087
08045,08,045,2018,22323,24460,0.09573086054741742
08045,08,045,2019,22842,25019,0.09530689081516508
08045,08,045,2020,20686,22292,0.07763704921202752
08045,08,045,2021,21581,23364,0.08261897039062127
08045,08,045,2022,21626,23536,0.08831961527790622
08047,08,047,2002,5592,5768,0.03147353361945626
08047,08,047,2003,4890,5012,0.024948875255623726
08047,08,047,2004,4492,4673,0.04029385574354416
08047,08,047,2005,4963,5148,0.037275841225065554
08047,08,047,2006,3958,4105,0.03713996968165745
08047,08,047,2007,4438,4605,0.03762956286615582
08047,08,047,2008,4541,4693,0.03347280334728042
08047,08,047,2009,4312,4461,0.034554730983302306
08047,08,047,2010,5123,5301,0.03474526644544218
08047,08,047,2011,5385,5639,0.04716805942432689
08047,08,047,2012,5448,5667,0.04019823788546262
08047,08,047,2013,5104,5339,0.046042319749216354
08047,08,047,2014,4844,5079,0.04851362510322055
08047,08,047,2015,4696,4946,0.05323679727427599
08047,08,047,2016,4574,4751,0.03869698294709223
08047,08,047,2017,4720,5017,0.06292372881355934
08047,08,047,2018,4568,4804,0.05166374781085814
08047,08,047,2019,4344,4587,0.055939226519337026
08047,08,047,2020,3375,3591,0.06400000000000006
08047,08,047,2021,3672,3824,0.04139433551198257
08047,08,047,2022,4015,4236,0.05504358655043595
08049,08,049,2002,5129,5809,0.13257945018522133
08049,08,049,2003,5630,6305,0.11989342806394321
08049,08,049,2004,5311,5997,0.12916588213142544
08049,08,049,2005,5616,6393,0.1383547008547008
08049,08,049,2006,5748,6536,0.13709116214335415
08049,08,049,2007,6218,7028,0.13026696687037642
08049,08,049,2008,6230,7057,0.13274478330658113
08049,08,049,2009,5852,6646,0.13568010936431985
08049,08,049,2010,5466,6309,0.1542261251372119
08049,08,049,2011,5589,6397,0.14456969046341017
08049,08,049,2012,5419,6144,0.13378852186750323
08049,08,049,2013,5932,6765,0.14042481456507083
08049,08,049,2014,6550,7437,0.1354198473282442
08049,08,049,2015,6520,7345,0.12653374233128845
08049,08,049,2016,6003,6972,0.1614192903548226
08049,08,049,2017,5873,6812,0.15988421590328628
08049,08,049,2018,6298,7350,0.16703715465227065
08049,08,049,2019,6281,7364,0.17242477312529858
08049,08,049,2020,6017,6609,0.098387900947315865
08049,08,049,2021,5956,6910,0.16017461383478837
08049,08,049,2022,6348,7409,0.16713925645872707
08051,08,051,2002,5535,6161,0.11309846431797643
08051,08,051,2003,5295,5774,0.09046270066100104
08051,08,051,2004,6004,6792,0.13124583610926055
08051,08,051,2005,6374,7149,0.12158770003137742
08051,08,051,2006,6699,7485,0.11733094491715179
08051,08,051,2007,6973,7846,0.12519718915818157
08051,08,051,2008,6821,7603,0.1146459463421785
08051,08,051,2009,6316,6976,0.10449651678277383
08051,08,051,2010,6451,7126,0.1046349403193303
08051,08,051,2011,6511,7236,0.11135002303793584
08051,08,051,2012,6588,7299,0.10792349726775963
08051,08,051,2013,6462,7233,0.11931290622098412
08051,08,051,2014,6351,7021,0.10549519760667603
08051,08,051,2015,6755,7583,0.12257586972612877
08051,08,051,2016,7027,7926,0.12793510744272085
08051,08,051,2017,7113,8029,0.12877829326585122
08051,08,051,2018,7192,8158,0.13431590656284764
08051,08,051,2019,6693,7470,0.11609143881667405
08051,08,051,2020,6179,6704,0.0849652047256837
08051,08,051,2021,6722,7462,0.11008628384409391
08051,08,051,2022,7523,8562,0.13810979662368728
08053,08,053,2002,185,198,0.07027027027027022
08053,08,053,2003,209,233,0.1148325358851674
08053,08,053,2004,194,214,0.10309278350515472
08053,08,053,2005,180,203,0.12777777777777777
08053,08,053,2006,188,214,0.13829787234042556
08053,08,053,2007,169,184,0.08875739644970415
08053,08,053,2008,175,190,0.08571428571428563
08053,08,053,2009,181,197,0.08839779005524862
08053,08,053,2010,158,167,0.05696202531645578
08053,08,053,2011,195,212,0.08717948717948709
08053,08,053,2012,183,194,0.060109289617486406
08053,08,053,2013,198,221,0.11616161616161613
08053,08,053,2014,221,241,0.09049773755656099
08053,08,053,2015,235,263,0.11914893617021272
08053,08,053,2016,217,237,0.09216589861751157
08053,08,053,2017,234,246,0.05128205128205132
08053,08,053,2018,199,222,0.11557788944723613
08053,08,053,2019,233,260,0.11587982832618016
08053,08,053,2020,201,211,0.04975124378109452
08053,08,053,2021,193,207,0.07253886010362698
08053,08,053,2022,250,267,0.06800000000000006
08055,08,055,2002,1793,1914,0.06748466257668717
08055,08,055,2003,1731,1819,0.050837666088966005
08055,08,055,2004,1634,1727,0.05691554467564264
08055,08,055,2005,1589,1700,0.06985525487728128
08055,08,055,2006,1622,1733,0.0684340320591863
08055,08,055,2007,1644,1762,0.07177615571776164
08055,08,055,2008,1498,1562,0.042723631508678306
08055,08,055,2009,1616,1725,0.06745049504950495
08055,08,055,2010,1457,1554,0.06657515442690465
08055,08,055,2011,1169,1250,0.06928999144568015
08055,08,055,2012,1510,1625,0.07615894039735105
08055,08,055,2013,1359,1473,0.08388520971302427
08055,08,055,2014,1412,1547,0.09560906515580747
08055,08,055,2015,1390,1492,0.07338129496402868
08055,08,055,2016,1413,1531,0.08351026185421095
08055,08,055,2017,1104,1184,0.07246376811594213
08055,08,055,2018,1442,1534,0.06380027739251037
08055,08,055,2019,1200,1277,0.0641666666666667
08055,08,055,2020,1286,1347,0.04743390357698285
08055,08,055,2021,1355,1432,0.05682656826568255
08055,08,055,2022,1387,1473,0.06200432588320126
08057,08,057,2002,335,381,0.13731343283582098
08057,08,057,2003,362,407,0.12430939226519344
08057,08,057,2004,406,462,0.13793103448275867
08057,08,057,2005,375,435,0.15999999999999992
08057,08,057,2006,394,447,0.13451776649746194
08057,08,057,2007,379,430,0.1345646437994723
08057,08,057,2008,392,444,0.13265306122448983
08057,08,057,2009,438,487,0.11187214611872154
08057,08,057,2010,459,525,0.14379084967320255
08057,08,057,2011,469,517,0.10234541577825151
08057,08,057,2012,425,471,0.10823529411764699
08057,08,057,2013,458,505,0.10262008733624461
08057,08,057,2014,484,536,0.1074380165289257
08057,08,057,2015,448,489,0.0915178571428572
08057,08,057,2016,438,492,0.12328767123287676
08057,08,057,2017,417,478,0.1462829736211031
08057,08,057,2018,488,552,0.13114754098360648
08057,08,057,2019,409,468,0.1442542787286063
08057,08,057,2020,369,420,0.1382113821138211
08057,08,057,2021,427,471,0.10304449648711933
08057,08,057,2022,405,465,0.14814814814814814
08059,08,059,2002,189384,203236,0.07314239851307391
08059,08,059,2003,189310,202541,0.06989065553853457
08059,08,059,2004,184352,198787,0.07830129317826762
08059,08,059,2005,194624,209533,0.0766041187109503
08059,08,059,2006,192221,207258,0.07822766503139622
08059,08,059,2007,196197,211281,0.07688190950931961
08059,08,059,2008,191936,206620,0.07650466822274082
08059,08,059,2009,197933,211256,0.06731065562589356
08059,08,059,2010,205775,218635,0.062495444052970583
08059,08,059,2011,198430,211478,0.06575618606057554
08059,08,059,2012,205355,217752,0.06036862993352976
08059,08,059,2013,211165,226051,0.07049463689531876
08059,08,059,2014,213836,228822,0.07008174488860619
08059,08,059,2015,220975,236470,0.07012105441792049
08059,08,059,2016,227124,243421,0.07175375565770237
08059,08,059,2017,228315,243557,0.0667586448546964
08059,08,059,2018,232920,248851,0.06839687446333498
08059,08,059,2019,238035,254182,0.06783456214422245
08059,08,059,2020,231678,244552,0.05556850456236684
08059,08,059,2021,228910,242268,0.058354811934821615
08059,08,059,2022,234848,249978,0.06442464913475954
08061,08,061,2002,395,423,0.07088607594936702
08061,08,061,2003,401,422,0.052369077306733125
08061,08,061,2004,371,412,0.11051212938005395
08061,08,061,2005,341,373,0.09384164222873892
08061,08,061,2006,363,390,0.07438016528925617
08061,08,061,2007,369,411,0.11382113821138207
08061,08,061,2008,347,383,0.10374639769452454
08061,08,061,2009,361,391,0.08310249307479234
08061,08,061,2010,421,451,0.07125890736342044
08061,08,061,2011,425,455,0.07058823529411762
08061,08,061,2012,435,474,0.08965517241379306
08061,08,061,2013,388,415,0.06958762886597936
08061,08,061,2014,399,433,0.08521303258145374
08061,08,061,2015,395,441,0.1164556962025316
08061,08,061,2016,394,434,0.10152284263959399
08061,08,061,2017,432,479,0.10879629629629628
08061,08,061,2018,405,449,0.10864197530864206
08061,08,061,2019,419,469,0.11933174224343679
08061,08,061,2020,441,485,0.09977324263038545
08061,08,061,2021,431,491,0.13921113689095121
08061,08,061,2022,392,430,0.09693877551020402
08063,08,063,2002,2506,2693,0.07462090981644054
08063,08,063,2003,2489,2652,0.06548814785054247
08063,08,063,2004,2607,2822,0.08247027234369009
08063,08,063,2005,2330,2511,0.07768240343347643
08063,08,063,2006,2425,2622,0.08123711340206174
08063,08,063,2007,2581,2781,0.07748934521503292
08063,08,063,2008,2553,2728,0.06854680767724242
08063,08,063,2009,2447,2597,0.06129955046996316
08063,08,063,2010,2677,2860,0.06836010459469555
08063,08,063,2011,2750,2972,0.08072727272727276
08063,08,063,2012,2740,2961,0.08065693430656928
08063,08,063,2013,2489,2673,0.07392527119325032
08063,08,063,2014,2605,2780,0.06717850287907878
08063,08,063,2015,2357,2511,0.06533729316928305
08063,08,063,2016,2684,2869,0.06892697466467967
08063,08,063,2017,2566,2777,0.08222915042868273
08063,08,063,2018,2545,2740,0.0766208251473477
08063,08,063,2019,2404,2637,0.0969217970049916
08063,08,063,2020,2402,2599,0.08201498751040792
08063,08,063,2021,2491,2705,0.08590927338418308
08063,08,063,2022,2473,2713,0.0970481196926809
08065,08,065,2002,1464,1609,0.09904371584699456
08065,08,065,2003,1174,1277,0.08773424190800672
08065,08,065,2004,1615,1800,0.11455108359133126
08065,08,065,2005,1620,1827,0.12777777777777777
08065,08,065,2006,1725,1920,0.11304347826086958
08065,08,065,2007,1612,1873,0.161910669975186
08065,08,065,2008,1759,1953,0.11028993746446836
08065,08,065,2009,1719,1922,0.11809191390343221
08065,08,065,2010,1487,1664,0.1190316072629456
08065,08,065,2011,1573,1767,0.12333121424030513
08065,08,065,2012,992,1090,0.09879032258064524
08065,08,065,2013,1160,1342,0.15689655172413786
08065,08,065,2014,1547,1753,0.13316095669036843
08065,08,065,2015,1453,1640,0.12869924294562973
08065,08,065,2016,1487,1708,0.1486213853396099
08065,08,065,2017,1413,1565,0.1075725406935597
08065,08,065,2018,1556,1755,0.12789203084832912
08065,08,065,2019,1667,1870,0.12177564487102588
08065,08,065,2020,1611,1759,0.09186840471756663
08065,08,065,2021,1545,1695,0.09708737864077666
08065,08,065,2022,1751,1940,0.10793832095945177
08067,08,067,2002,18123,19521,0.07713954643270982
08067,08,067,2003,18074,19414,0.07413964811331186
08067,08,067,2004,19722,21406,0.08538687759862085
08067,08,067,2005,20633,22456,0.0883536082973877
08067,08,067,2006,21287,23156,0.0878000657678395
08067,08,067,2007,20957,22819,0.08884859474161377
08067,08,067,2008,21192,23037,0.08706115515288793
08067,08,067,2009,19944,21436,0.07480946650621734
08067,08,067,2010,18520,19773,0.06765658747300218
08067,08,067,2011,21827,23531,0.07806844733586837
08067,08,067,2012,20582,22222,0.07968127490039834
08067,08,067,2013,21682,23367,0.07771423300433544
08067,08,067,2014,23190,25160,0.08495040965933587
08067,08,067,2015,23068,24992,0.08340558349228377
08067,08,067,2016,23416,25343,0.08229415784079253
08067,08,067,2017,22351,24199,0.08268086439085498
08067,08,067,2018,24041,26135,0.08710120211305683
08067,08,067,2019,23174,25158,0.0856131871925434
08067,08,067,2020,22455,24081,0.07241148964595867
08067,08,067,2021,21946,23503,0.07094686958899121
08067,08,067,2022,22975,24869,0.08243743199129483
08069,08,069,2002,109524,116492,0.06362075892041918
08069,08,069,2003,96175,101893,0.05945412009357942
08069,08,069,2004,108282,115806,0.06948523300271514
08069,08,069,2005,108899,116530,0.07007410536368552
08069,08,069,2006,107185,114824,0.07126930074170823
08069,08,069,2007,112956,121092,0.07202804631892068
08069,08,069,2008,115730,124014,0.0715804026613669
08069,08,069,2009,111273,118692,0.06667385619152899
08069,08,069,2010,108963,115819,0.0629204408836026
08069,08,069,2011,116524,124134,0.06530843431396116
08069,08,069,2012,119544,127282,0.06472930469115967
08069,08,069,2013,123401,131573,0.06622312623074378
08069,08,069,2014,124146,132273,0.06546324488908217
08069,08,069,2015,129748,138046,0.06395474304035509
08069,08,069,2016,135818,144990,0.06753154957369412
08069,08,069,2017,138886,148605,0.0699782555477153
08069,08,069,2018,144206,154589,0.07200116500006937
08069,08,069,2019,141917,152066,0.07151363120697307
08069,08,069,2020,138775,146647,0.05672491442983252
08069,08,069,2021,136235,144032,0.057231988842808335
08069,08,069,2022,144472,153874,0.06507835428318298
08071,08,071,2002,4562,4972,0.0898728627794827
08071,08,071,2003,4581,4976,0.08622571490940834
08071,08,071,2004,4599,5056,0.09936942813655136
08071,08,071,2005,4446,4852,0.09131803868645982
08071,08,071,2006,4687,5117,0.09174311926605494
08071,08,071,2007,5013,5429,0.0829842409734689
08071,08,071,2008,4701,5001,0.06381620931716658
08071,08,071,2009,4636,4965,0.0709663503019844
08071,08,071,2010,4104,4489,0.09381091617933723
08071,08,071,2011,4147,4465,0.07668193875090434
08071,08,071,2012,4700,5061,0.07680851063829786
08071,08,071,2013,4099,4385,0.06977311539399844
08071,08,071,2014,4560,4912,0.07719298245614037
08071,08,071,2015,3987,4296,0.07750188111361922
08071,08,071,2016,3953,4299,0.08752845939792553
08071,08,071,2017,4105,4499,0.09598051157125465
08071,08,071,2018,4145,4568,0.10205066344993963
08071,08,071,2019,3981,4360,0.09520221049987443
08071,08,071,2020,4000,4355,0.0887500000000001
08071,08,071,2021,4044,4351,0.07591493570722063
08071,08,071,2022,4216,4554,0.08017077798861472
08073,08,073,2002,1946,2072,0.06474820143884896
08073,08,073,2003,1810,1910,0.05524861878453047
08073,08,073,2004,1702,1820,0.06933019976498245
08073,08,073,2005,1662,1771,0.06558363417569191
08073,08,073,2006,1607,1737,0.08089607965152457
08073,08,073,2007,1698,1826,0.07538280329799774
08073,08,073,2008,1469,1611,0.0966643975493533
08073,08,073,2009,1615,1730,0.07120743034055721
08073,08,073,2010,1782,1903,0.06790123456790131
08073,08,073,2011,1856,2005,0.08028017241379315
08073,08,073,2012,1824,1944,0.06578947368421062
08073,08,073,2013,1783,1891,0.060572069545709484
08073,08,073,2014,1871,2019,0.07910208444681999
08073,08,073,2015,1871,1994,0.06574024585783
08073,08,073,2016,1863,2000,0.0735373054213635
08073,08,073,2017,1947,2082,0.06933744221879823
08073,08,073,2018,2008,2188,0.08964143426294813
08073,08,073,2019,1736,1901,0.09504608294930872
08073,08,073,2020,1865,2035,0.09115281501340489
08073,08,073,2021,1749,1866,0.06689536878216118
08073,08,073,2022,1553,1696,0.09207984546039927
08075,08,075,2002,7179,7668,0.06811533639782708
08075,08,075,2003,7304,7786,0.06599123767798476
08075,08,075,2004,7192,7713,0.07244160177975534
08075,08,075,2005,7491,8057,0.07555733546922982
08075,08,075,2006,7339,7954,0.08379888268156432
08075,08,075,2007,7403,8020,0.08334459003106853
08075,08,075,2008,7622,8182,0.0734715297822095
08075,08,075,2009,7783,8378,0.07644867017859447
08075,08,075,2010,7520,8036,0.06861702127659575
08075,08,075,2011,7624,8173,0.07200944386149
08075,08,075,2012,6679,7167,0.0730648300643808
08075,08,075,2013,7178,7702,0.07300083588743389
08075,08,075,2014,7414,7917,0.0678446182897221
08075,08,075,2015,7224,7775,0.07627353266888148
08075,08,075,2016,7105,7609,0.07093596059113305
08075,08,075,2017,7036,7555,0.07376350198976689
08075,08,075,2018,6798,7326,0.07766990291262132
08075,08,075,2019,6571,7122,0.08385329478009429
08075,08,075,2020,6523,6970,0.06852675149471099
08075,08,075,2021,6386,6862,0.07453805198872532
08075,08,075,2022,6259,6779,0.08308036427544341
08077,08,077,2002,46957,49824,0.06105585961624471
08077,08,077,2003,47029,49870,0.06040953454251641
08077,08,077,2004,49805,52945,0.06304587892781854
08077,08,077,2005,50279,53770,0.0694325662801567
08077,08,077,2006,52071,55508,0.06600603022795792
08077,08,077,2007,57066,60964,0.06830687274384051
08077,08,077,2008,60588,64644,0.0669439492968904
08077,08,077,2009,58546,62305,0.06420592354729604
08077,08,077,2010,54066,57332,0.060407649909369976
08077,08,077,2011,56222,59707,0.061986411013482234
08077,08,077,2012,52242,55374,0.05995176294935112
08077,08,077,2013,52394,55742,0.06390044661602468
08077,08,077,2014,57501,61381,0.06747708735500257
08077,08,077,2015,53229,56601,0.06334892633714695
08077,08,077,2016,55860,59599,0.0669351951306838
08077,08,077,2017,56998,60803,0.06675672830625645
08077,08,077,2018,57695,61622,0.0680648236415633
08077,08,077,2019,58585,62772,0.07146880600836392
08077,08,077,2020,53900,57121,0.05975881261595539
08077,08,077,2021,56456,59973,0.06229630154456567
08077,08,077,2022,59689,63778,0.06850508468897121
08079,08,079,2002,186,202,0.08602150537634401
08079,08,079,2003,250,269,0.07600000000000007
08079,08,079,2004,254,269,0.059055118110236116
08079,08,079,2005,278,293,0.05395683453237421
08079,08,079,2006,295,327,0.10847457627118651
08079,08,079,2007,318,356,0.11949685534591192
08079,08,079,2008,298,347,0.16442953020134232
08079,08,079,2009,281,331,0.17793594306049831
08079,08,079,2010,258,306,0.18604651162790709
08079,08,079,2011,227,276,0.2158590308370043
08079,08,079,2012,280,310,0.1071428571428572
08079,08,079,2013,298,314,0.05369127516778516
08079,08,079,2014,255,276,0.08235294117647052
08079,08,079,2015,268,301,0.12313432835820892
08079,08,079,2016,269,298,0.10780669144981414
08079,08,079,2017,304,341,0.12171052631578938
08079,08,079,2018,312,350,0.1217948717948718
08079,08,079,2019,303,350,0.1551155115511551
08079,08,079,2020,327,365,0.11620795107033643
08079,08,079,2021,307,330,0.07491856677524433
08079,08,079,2022,303,352,0.16171617161716179
08081,08,081,2002,3163,3381,0.06892190957951305
08081,08,081,2003,3608,3899,0.08065410199556533
08081,08,081,2004,3711,3992,0.07572082996496898
08081,08,081,2005,3389,3672,0.08350545883741511
08081,08,081,2006,3995,4375,0.09511889862327916
08081,08,081,2007,3545,3813,0.07559943582510575
08081,08,081,2008,3747,4070,0.08620229516946898
08081,08,081,2009,3887,4172,0.07332132750192955
08081,08,081,2010,3763,4009,0.06537337230932772
08081,08,081,2011,3584,3857,0.076171875
08081,08,081,2012,3594,3876,0.07846410684474114
08081,08,081,2013,4252,4551,0.07031984948259651
08081,08,081,2014,4039,4352,0.0774944293141866
08081,08,081,2015,4258,4585,0.0767966181305777
08081,08,081,2016,4100,4420,0.07804878048780495
08081,08,081,2017,4079,4379,0.07354743809757291
08081,08,081,2018,4062,4392,0.08124076809453462
08081,08,081,2019,4061,4334,0.06722482147254372
08081,08,081,2020,3999,4257,0.06451612903225801
08081,08,081,2021,3517,3831,0.08928063690645427
08081,08,081,2022,3871,4217,0.08938258847842939
08083,08,083,2002,7868,8346,0.06075241484494143
08083,08,083,2003,6800,7202,0.0591176470588235
08083,08,083,2004,7945,8463,0.06519823788546253
08083,08,083,2005,8449,9042,0.07018582080719615
08083,08,083,2006,8375,9022,0.0772537313432835
08083,08,083,2007,7942,8549,0.07642911105514982
08083,08,083,2008,8498,9033,0.06295598964462235
08083,08,083,2009,8034,8600,0.07045058501369184
08083,08,083,2010,8277,8771,0.059683460190890436
08083,08,083,2011,8143,8702,0.06864791845757101
08083,08,083,2012,7607,8129,0.06862100696726703
08083,08,083,2013,8245,8798,0.06707095209217706
08083,08,083,2014,7872,8391,0.06592987804878048
08083,08,083,2015,7692,8207,0.06695267810712435
08083,08,083,2016,7702,8258,0.07218904180732277
08083,08,083,2017,8292,8934,0.07742402315484798
08083,08,083,2018,8351,9004,0.07819422823613942
08083,08,083,2019,8137,8821,0.08406046454467253
08083,08,083,2020,7878,8396,0.06575272911906582
08083,08,083,2021,7249,7890,0.08842598979169547
08083,08,083,2022,7662,8264,0.07856956408248505
08085,08,085,2002,10729,11378,0.0604902600428745
08085,08,085,2003,11029,11668,0.05793816302475285
08085,08,085,2004,11868,12734,0.07296932928884403
08085,08,085,2005,12821,13686,0.06746743623742302
08085,08,085,2006,12948,13961,0.07823602100710536
08085,08,085,2007,13419,14398,0.07295625605484757
08085,08,085,2008,13701,14626,0.06751332019560619
08085,08,085,2009,12390,13192,0.06472962066182397
08085,08,085,2010,13101,13929,0.06320128234485911
08085,08,085,2011,11713,12492,0.06650729958166135
08085,08,085,2012,11782,12548,0.06501442878967922
08085,08,085,2013,12554,13412,0.06834475067707513
08085,08,085,2014,12656,13497,0.06645069532237668
08085,08,085,2015,12272,13112,0.06844850065189045
08085,08,085,2016,12336,13214,0.07117380025940334
08085,08,085,2017,13622,14625,0.07363089120540312
08085,08,085,2018,14197,15182,0.06938085511023462
08085,08,085,2019,14042,15118,0.07662726107392115
08085,08,085,2020,13716,14524,0.05890930300379127
08085,08,085,2021,13422,14310,0.066160035762181435
08085,08,085,2022,13836,14777,0.06801098583405607
08087,08,087,2002,9629,10403,0.08038217883477006
08087,08,087,2003,10227,10982,0.07382419086731207
08087,08,087,2004,9753,10546,0.08130831539013639
08087,08,087,2005,9359,10173,0.08697510417779686
08087,08,087,2006,10160,10962,0.0789370078740157
08087,08,087,2007,9692,10507,0.0840899711101939
08087,08,087,2008,10385,11133,0.07202696196437164
08087,08,087,2009,10279,10928,0.06313843759120541
08087,08,087,2010,10349,11003,0.06319451154700939
08087,08,087,2011,10588,11198,0.057612391386475226
08087,08,087,2012,10835,11523,0.06349792339640059
08087,08,087,2013,10836,11553,0.06616832779623483
08087,08,087,2014,11784,12586,0.06805838424983035
08087,08,087,2015,11339,12098,0.06693711967545646
08087,08,087,2016,11071,11763,0.06250564537982117
08087,08,087,2017,11381,12123,0.06519637993146477
08087,08,087,2018,11603,12387,0.06756873222442472
08087,08,087,2019,11725,12428,0.059957356076759005
08087,08,087,2020,11277,11889,0.05426975259377498
08087,08,087,2021,11383,11973,0.05183167881929185
08087,08,087,2022,11630,12344,0.061392949269131636
08089,08,089,2002,5794,6152,0.06178805661028641
08089,08,089,2003,6146,6491,0.05613407094044898
08089,08,089,2004,6157,6567,0.06659087217800885
08089,08,089,2005,5693,6096,0.07078868786228698
08089,08,089,2006,5749,6155,0.07062097756131491
08089,08,089,2007,5793,6226,0.0747453823580182
08089,08,089,2008,5609,5962,0.06293456944196829
08089,08,089,2009,5702,6120,0.07330761136443353
08089,08,089,2010,6009,6381,0.06190713929106351
08089,08,089,2011,5763,6164,0.06958181502689564
08089,08,089,2012,5472,5788,0.05774853801169599
08089,08,089,2013,5324,5712,0.07287753568745314
08089,08,089,2014,5538,5907,0.06663055254604555
08089,08,089,2015,5111,5439,0.06417530815887296
08089,08,089,2016,5538,5963,0.07674250631997115
08089,08,089,2017,5596,6028,0.07719799857040743
08089,08,089,2018,5581,5984,0.07220928149077221
08089,08,089,2019,5430,5803,0.06869244935543284
08089,08,089,2020,5296,5599,0.05721299093655596
08089,08,089,2021,5294,5589,0.055723460521345025
08089,08,089,2022,5011,5349,0.0674516064657753
08091,08,091,2002,989,1079,0.09100101112234582
08091,08,091,2003,945,1026,0.08571428571428563
08091,08,091,2004,1086,1181,0.08747697974217306
08091,08,091,2005,1144,1244,0.0874125874125875
08091,08,091,2006,1165,1299,0.11502145922746787
08091,08,091,2007,1305,1425,0.09195402298850586
08091,08,091,2008,1275,1407,0.10352941176470587
08091,08,091,2009,1195,1338,0.11966527196652721
08091,08,091,2010,1035,1137,0.09855072463768111
08091,08,091,2011,1024,1139,0.1123046875
08091,08,091,2012,1033,1152,0.11519845111326243
08091,08,091,2013,1140,1280,0.12280701754385959
08091,08,091,2014,1242,1367,0.10064412238325282
08091,08,091,2015,1410,1563,0.10851063829787244
08091,08,091,2016,1376,1541,0.11991279069767447
08091,08,091,2017,1445,1606,0.1114186851211072
08091,08,091,2018,1567,1777,0.13401403956604985
08091,08,091,2019,1649,1836,0.11340206185567014
08091,08,091,2020,1595,1759,0.10282131661442007
08091,08,091,2021,1786,1982,0.10974244120940657
08091,08,091,2022,1836,2066,0.12527233115468417
08093,08,093,2002,1464,1585,0.08265027322404372
08093,08,093,2003,1490,1582,0.06174496644295302
08093,08,093,2004,1651,1802,0.09145972138098113
08093,08,093,2005,1677,1829,0.0906380441264163
08093,08,093,2006,1895,2038,0.07546174142480222
08093,08,093,2007,1917,2086,0.08815858111632768
08093,08,093,2008,1876,2031,0.08262260127931764
08093,08,093,2009,1835,1959,0.0675749318801091
08093,08,093,2010,1780,1938,0.08876404494382029
08093,08,093,2011,1702,1852,0.08813160987074031
08093,08,093,2012,1612,1733,0.07506203473945416
08093,08,093,2013,1801,1943,0.0788450860632981
08093,08,093,2014,1912,2100,0.09832635983263605
08093,08,093,2015,2118,2307,0.0892351274787535
08093,08,093,2016,2153,2334,0.08406874129122155
08093,08,093,2017,2169,2345,0.0811433840479483
08093,08,093,2018,2324,2511,0.08046471600688476
08093,08,093,2019,2192,2382,0.0866788321167884
08093,08,093,2020,2145,2286,0.06573426573426566
08093,08,093,2021,2296,2464,0.07317073170731714
08093,08,093,2022,2507,2699,0.07658556043079368
08095,08,095,2002,1408,1487,0.056107954545454586
08095,08,095,2003,1376,1480,0.07558139534883712
08095,08,095,2004,1412,1527,0.08144475920679883
08095,08,095,2005,1407,1517,0.07818052594171987
08095,08,095,2006,1454,1569,0.07909215955983484
08095,08,095,2007,1367,1480,0.08266276517922466
08095,08,095,2008,1254,1334,0.06379585326953752
08095,08,095,2009,1364,1445,0.05938416422287385
08095,08,095,2010,1462,1549,0.059507523939808404
08095,08,095,2011,1441,1533,0.06384455239417064
08095,08,095,2012,1296,1373,0.05941358024691357
08095,08,095,2013,1385,1470,0.06137184115523464
08095,08,095,2014,1270,1360,0.07086614173228356
08095,08,095,2015,1217,1298,0.06655710764174194
08095,08,095,2016,1400,1491,0.06499999999999995
08095,08,095,2017,1456,1537,0.055631868131868156
08095,08,095,2018,1484,1601,0.07884097035040427
08095,08,095,2019,1486,1600,0.07671601615074031
08095,08,095,2020,1476,1578,0.06910569105691056
08095,08,095,2021,1588,1682,0.05919395465994959
08095,08,095,2022,1659,1760,0.06088004822182036
08097,08,097,2002,12895,14846,0.15129895308259012
08097,08,097,2003,10970,12520,0.14129443938012765
08097,08,097,2004,13729,16173,0.1780173355670478
08097,08,097,2005,13945,16521,0.18472570813911804
08097,08,097,2006,14401,17067,0.1851260329143809
08097,08,097,2007,15261,17867,0.17076207325863302
08097,08,097,2008,15573,18234,0.1708726642265459
08097,08,097,2009,14268,16474,0.15461171853097833
08097,08,097,2010,13749,16002,0.16386646301549201
08097,08,097,2011,13452,15724,0.16889681831697878
08097,08,097,2012,12781,14861,0.16274156951725227
08097,08,097,2013,13292,15624,0.17544387601564848
08097,08,097,2014,14212,16514,0.16197579510273008
08097,08,097,2015,14250,16635,0.1673684210526316
08097,08,097,2016,14181,16477,0.16190677667301312
08097,08,097,2017,14383,16575,0.15240214141695052
08097,08,097,2018,14253,16536,0.16017680488318242
08097,08,097,2019,15821,18409,0.16358005182984647
08097,08,097,2020,14256,15790,0.1076038159371493
08097,08,097,2021,13913,15859,0.13986918709120966
08097,08,097,2022,15444,17872,0.1572131572131572
08099,08,099,2002,5051,5379,0.06493763611166115
08099,08,099,2003,4820,5162,0.070954356846473
08099,08,099,2004,4961,5323,0.07296915944366056
08099,08,099,2005,4651,4984,0.07159750591270697
08099,08,099,2006,4298,4633,0.07794322940902743
08099,08,099,2007,4532,4886,0.07811120917917025
08099,08,099,2008,4591,4928,0.07340448703986069
08099,08,099,2009,4322,4634,0.07218880148079587
08099,08,099,2010,4012,4309,0.07402791625124627
08099,08,099,2011,4061,4335,0.06747106623984234
08099,08,099,2012,3821,4124,0.07929861292855267
08099,08,099,2013,3381,3657,0.08163265306122458
08099,08,099,2014,3999,4298,0.07476869217304327
08099,08,099,2015,3838,4166,0.08546117769671713
08099,08,099,2016,3999,4315,0.07901975493873459
08099,08,099,2017,3965,4254,0.07288776796973528
08099,08,099,2018,4050,4331,0.06938271604938273
08099,08,099,2019,4044,4351,0.07591493570722063
08099,08,099,2020,3924,4233,0.07874617737003065
08099,08,099,2021,3891,4181,0.0745309689025957
08099,08,099,2022,4049,4421,0.09187453692269698
08101,08,101,2002,50640,54170,0.06970774091627163
08101,08,101,2003,48916,51965,0.062331343527679994
08101,08,101,2004,49551,52782,0.06520554580129567
08101,08,101,2005,50317,53773,0.06868454001629676
08101,08,101,2006,50443,53906,0.06865174553456366
08101,08,101,2007,49774,53304,0.0709205609354282
08101,08,101,2008,51652,55193,0.06855494462944312
08101,08,101,2009,49129,52084,0.06014777422703488
08101,08,101,2010,50254,53195,0.05852270466032561
08101,08,101,2011,52250,55431,0.060880382775119646
08101,08,101,2012,51739,54692,0.05707493380235418
08101,08,101,2013,50652,53653,0.05924741372502562
08101,08,101,2014,51821,55019,0.061712433183458426
08101,08,101,2015,53137,56356,0.06057925739127157
08101,08,101,2016,53724,57124,0.06328642692279063
08101,08,101,2017,54578,58051,0.06363369855985934
08101,08,101,2018,55031,58631,0.06541767367483775
08101,08,101,2019,53317,56907,0.06733312076823528
08101,08,101,2020,51299,54101,0.054620947776759854
08101,08,101,2021,50144,52987,0.056696713465220094
08101,08,101,2022,53161,56434,0.06156769060025202
08103,08,103,2002,2365,2580,0.09090909090909083
08103,08,103,2003,2253,2448,0.08655126498002663
08103,08,103,2004,2285,2530,0.10722100656455136
08103,08,103,2005,2480,2723,0.09798387096774186
08103,08,103,2006,2582,2848,0.10302091402013946
08103,08,103,2007,3122,3407,0.09128763613068536
08103,08,103,2008,3093,3374,0.09085030714516651
08103,08,103,2009,2915,3118,0.06963979416809596
08103,08,103,2010,2844,2987,0.05028129395217995
08103,08,103,2011,3127,3332,0.06555804285257438
08103,08,103,2012,3009,3244,0.07809903622465941
08103,08,103,2013,2814,3046,0.0824449182658138
08103,08,103,2014,2733,2936,0.07427735089645071
08103,08,103,2015,2620,2828,0.07938931297709928
08103,08,103,2016,2413,2598,0.07666804807293826
08103,08,103,2017,2528,2773,0.09691455696202533
08103,08,103,2018,2557,2782,0.08799374266718818
08103,08,103,2019,2587,2824,0.09161190568225752
08103,08,103,2020,2568,2743,0.06814641744548289
08103,08,103,2021,2453,2616,0.06644924582144318
08103,08,103,2022,2772,2976,0.07359307359307365
08105,08,105,2002,3448,3685,0.06873549883990715
08105,08,105,2003,3209,3424,0.06699906512932374
08105,08,105,2004,3351,3580,0.06833780960907188
08105,08,105,2005,3113,3362,0.0799871506585288
08105,08,105,2006,3316,3524,0.06272617611580222
08105,08,105,2007,3346,3569,0.06664674237895984
08105,08,105,2008,3259,3491,0.07118748082233806
08105,08,105,2009,3493,3725,0.06641855138849118
08105,08,105,2010,3340,3539,0.05958083832335337
08105,08,105,2011,3346,3552,0.06156604901374774
08105,08,105,2012,3641,3883,0.06646525679758297
08105,08,105,2013,3373,3585,0.06285206048028469
08105,08,105,2014,3715,3945,0.06191117092866749
08105,08,105,2015,3427,3657,0.06711409395973145
08105,08,105,2016,3466,3685,0.06318522792844772
08105,08,105,2017,3400,3676,0.08117647058823518
08105,08,105,2018,3619,3895,0.07626416137054437
08105,08,105,2019,3321,3578,0.07738632941884971
08105,08,105,2020,3280,3477,0.060060975609756095
08105,08,105,2021,3231,3435,0.06313834726090994
08105,08,105,2022,3440,3707,0.07761627906976742
08107,08,107,2002,10745,11978,0.11475104699860394
08107,08,107,2003,10368,11317,0.09153163580246915
08107,08,107,2004,10451,11499,0.100277485408095
08107,08,107,2005,11706,13106,0.11959678797198015
08107,08,107,2006,12404,13982,0.12721702676555946
08107,08,107,2007,12916,14582,0.12898730257045532
08107,08,107,2008,12606,14112,0.11946692051404084
08107,08,107,2009,12532,13967,0.11450686243217367
08107,08,107,2010,11225,12614,0.12374164810690425
08107,08,107,2011,11330,12778,0.1278022947925861
08107,08,107,2012,11288,12576,0.11410347271438703
08107,08,107,2013,11633,13187,0.1335854895555746
08107,08,107,2014,11626,13147,0.13082745570273535
08107,08,107,2015,11757,13451,0.1440843752657992
08107,08,107,2016,12141,13907,0.14545754056502758
08107,08,107,2017,12608,14430,0.14451142131979688
08107,08,107,2018,12670,14617,0.1536700868192582
08107,08,107,2019,13178,15262,0.15814235847624825
08107,08,107,2020,11670,12874,0.1031705227077977
08107,08,107,2021,11645,13253,0.13808501502790893
08107,08,107,2022,12808,14618,0.14131792629606488
08109,08,109,2002,1330,1475,0.10902255639097747
08109,08,109,2003,1475,1613,0.09355932203389838
08109,08,109,2004,1469,1592,0.08373042886317217
08109,08,109,2005,1421,1581,0.11259676284306819
08109,08,109,2006,1491,1659,0.11267605633802824
08109,08,109,2007,1428,1582,0.10784313725490202
08109,08,109,2008,1291,1419,0.09914794732765309
08109,08,109,2009,1246,1356,0.08828250401284099
08109,08,109,2010,1228,1323,0.07736156351791523
08109,08,109,2011,1458,1571,0.0775034293552812
08109,08,109,2012,1462,1612,0.10259917920656636
08109,08,109,2013,1288,1389,0.07841614906832306
08109,08,109,2014,1460,1573,0.07739726027397253
08109,08,109,2015,1544,1679,0.08743523316062185
08109,08,109,2016,1428,1560,0.09243697478991586
08109,08,109,2017,1494,1629,0.09036144578313254
08109,08,109,2018,1342,1469,0.09463487332339793
08109,08,109,2019,1431,1543,0.07826694619147445
08109,08,109,2020,1431,1521,0.06289308176100628
08109,08,109,2021,1283,1379,0.0748246297739672
08109,08,109,2022,1404,1506,0.07264957264957261
08111,08,111,2002,106,117,0.10377358490566047
08111,08,111,2003,144,166,0.15277777777777768
08111,08,111,2004,164,182,0.10975609756097571
08111,08,111,2005,152,170,0.11842105263157898
08111,08,111,2006,142,160,0.12676056338028174
08111,08,111,2007,165,186,0.1272727272727272
08111,08,111,2008,176,187,0.0625
08111,08,111,2009,158,181,0.14556962025316467
08111,08,111,2010,130,151,0.16153846153846163
08111,08,111,2011,196,220,0.12244897959183665
08111,08,111,2012,228,255,0.11842105263157898
08111,08,111,2013,183,210,0.14754098360655732
08111,08,111,2014,160,182,0.13749999999999996
08111,08,111,2015,173,218,0.2601156069364161
08111,08,111,2016,189,228,0.20634920634920628
08111,08,111,2017,220,271,0.23181818181818192
08111,08,111,2018,249,284,0.1405622489959839
08111,08,111,2019,250,300,0.19999999999999996
08111,08,111,2020,252,296,0.17460317460317465
08111,08,111,2021,243,308,0.2674897119341564
08111,08,111,2022,285,348,0.2210526315789474
08113,08,113,2002,3842,4423,0.15122332118688186
08113,08,113,2003,3678,4170,0.13376835236541607
08113,08,113,2004,3838,4350,0.13340281396560716
08113,08,113,2005,3644,4181,0.1473655323819978
08113,08,113,2006,3862,4372,0.13205592957017087
08113,08,113,2007,4134,4646,0.12385099177552017
08113,08,113,2008,4156,4793,0.15327237728585175
08113,08,113,2009,3176,3498,0.1013853904282116
08113,08,113,2010,3901,4491,0.15124327095616508
08113,08,113,2011,3965,4615,0.16393442622950816
08113,08,113,2012,3656,4292,0.17396061269146612
08113,08,113,2013,3900,4572,0.17230769230769227
08113,08,113,2014,4147,4794,0.15601639739570783
08113,08,113,2015,4282,4996,0.16674451191032236
08113,08,113,2016,4461,5129,0.14974221026675627
08113,08,113,2017,4421,5195,0.17507351277991412
08113,08,113,2018,4645,5507,0.18557588805166847
08113,08,113,2019,5280,6352,0.20303030303030312
08113,08,113,2020,4919,5675,0.15368977434437903
08113,08,113,2021,4877,5690,0.16670084068074642
08113,08,113,2022,5266,6247,0.1862894037219902
08115,08,115,2002,738,808,0.09485094850948506
08115,08,115,2003,617,681,0.1037277147487845
08115,08,115,2004,572,629,0.09965034965034958
08115,08,115,2005,607,664,0.09390444810543652
08115,08,115,2006,646,703,0.08823529411764697
08115,08,115,2007,755,833,0.10331125827814569
08115,08,115,2008,612,670,0.09477124183006547
08115,08,115,2009,718,778,0.08356545961002793
08115,08,115,2010,721,789,0.09431345353675447
08115,08,115,2011,662,729,0.1012084592145015
08115,08,115,2012,759,836,0.10144927536231885
08115,08,115,2013,749,833,0.11214953271028039
08115,08,115,2014,691,782,0.13169319826338644
08115,08,115,2015,585,670,0.14529914529914523
08115,08,115,2016,631,704,0.11568938193343903
08115,08,115,2017,718,788,0.09749303621169925
08115,08,115,2018,713,783,0.09817671809256656
08115,08,115,2019,655,732,0.11755725190839694
08115,08,115,2020,515,562,0.09126213592233001
08115,08,115,2021,602,678,0.12624584717607967
08115,08,115,2022,484,537,0.10950413223140498
08117,08,117,2002,15269,17712,0.15999738031305255
08117,08,117,2003,14803,17051,0.1518611092346147
08117,08,117,2004,14341,16617,0.15870580852102356
08117,08,117,2005,14249,16700,0.1720120710225279
08117,08,117,2006,15723,18427,0.1719773580105577
08117,08,117,2007,14590,16898,0.15819054146675815
08117,08,117,2008,15441,17763,0.15037886147270263
08117,08,117,2009,14815,17094,0.15383057711778614
08117,08,117,2010,13533,15645,0.15606295721569508
08117,08,117,2011,14998,17419,0.161421522869716
08117,08,117,2012,15009,17407,0.15977080418415612
08117,08,117,2013,15208,17788,0.1696475539189901
08117,08,117,2014,16225,19017,0.17208012326656386
08117,08,117,2015,16404,19127,0.16599609851255792
08117,08,117,2016,15968,18928,0.18537074148296595
08117,08,117,2017,16561,19473,0.1758347925849888
08117,08,117,2018,16909,19990,0.18221065704654316
08117,08,117,2019,18589,22086,0.18812200763892628
08117,08,117,2020,14327,15923,0.11139805960773375
08117,08,117,2021,17816,20989,0.17809833857207003
08117,08,117,2022,18647,22154,0.18807314849573653
08119,08,119,2002,5997,6326,0.054860763715191
08119,08,119,2003,5904,6173,0.04556233062330617
08119,08,119,2004,5837,6142,0.05225286962480724
08119,08,119,2005,6028,6368,0.05640345056403451
08119,08,119,2006,6255,6663,0.06522781774580344
08119,08,119,2007,6095,6448,0.057916324856439605
08119,08,119,2008,6176,6579,0.06525259067357503
08119,08,119,2009,6239,6567,0.052572527648661715
08119,08,119,2010,6203,6581,0.060938255682734255
08119,08,119,2011,6457,6842,0.05962521294718903
08119,08,119,2012,6489,6859,0.05701957158267845
08119,08,119,2013,6103,6455,0.057676552515156576
08119,08,119,2014,6159,6532,0.060561779509660685
08119,08,119,2015,6249,6630,0.0609697551608257
08119,08,119,2016,6580,7025,0.06762917933130708
08119,08,119,2017,6688,7094,0.06070574162679421
08119,08,119,2018,6778,7228,0.06639126586013577
08119,08,119,2019,6742,7147,0.0600711954909523
08119,08,119,2020,6566,6945,0.05772159610112704
08119,08,119,2021,7060,7458,0.05637393767705379
08119,08,119,2022,7277,7683,0.05579222206953416
08121,08,121,2002,1036,1121,0.08204633204633205
08121,08,121,2003,920,986,0.07173913043478253
08121,08,121,2004,950,1032,0.08631578947368412
08121,08,121,2005,846,911,0.07683215130023635
08121,08,121,2006,893,945,0.05823068309070556
08121,08,121,2007,950,1011,0.0642105263157895
08121,08,121,2008,941,990,0.05207226354941552
08121,08,121,2009,789,833,0.05576679340937907
08121,08,121,2010,539,578,0.07235621521335811
08121,08,121,2011,981,1051,0.07135575942915384
08121,08,121,2012,1159,1245,0.0742018981880932
08121,08,121,2013,992,1056,0.06451612903225801
08121,08,121,2014,1159,1212,0.04572907679033644
08121,08,121,2015,1180,1251,0.060169491525423835
08121,08,121,2016,1188,1280,0.07744107744107742
08121,08,121,2017,1196,1282,0.07190635451505023
08121,08,121,2018,1104,1200,0.08695652173913038
08121,08,121,2019,1060,1123,0.059433962264150875
08121,08,121,2020,885,939,0.0610169491525423
08121,08,121,2021,1062,1114,0.048964218455743946
08121,08,121,2022,1026,1118,0.08966861598440556
08123,08,123,2002,61117,65360,0.06942421912070285
08123,08,123,2003,64696,68823,0.063790651663163
08123,08,123,2004,65610,70534,0.07504953513183965
08123,08,123,2005,66914,72002,0.07603789939325112
08123,08,123,2006,68464,73636,0.0755433512502921
08123,08,123,2007,70914,76099,0.07311673294412957
08123,08,123,2008,73737,79060,0.07218899602641815
08123,08,123,2009,70378,75054,0.06644121742590015
08123,08,123,2010,66346,70386,0.06089289482410387
08123,08,123,2011,73752,78293,0.06157121162815926
08123,08,123,2012,80342,84852,0.05613502277762561
08123,08,123,2013,80725,85271,0.05631464849798706
08123,08,123,2014,88372,93499,0.05801611370117232
08123,08,123,2015,94877,100288,0.057031735826385654
08123,08,123,2016,92885,98632,0.06187220756849876
08123,08,123,2017,96747,103136,0.06603822340744414
08123,08,123,2018,101380,107838,0.06370092720457676
08123,08,123,2019,104379,110933,0.06279040803226699
08123,08,123,2020,101388,106497,0.05039057876671804
08123,08,123,2021,88983,93691,0.05290898261465671
08123,08,123,2022,100011,106267,0.06255311915689266
08125,08,125,2002,3235,3515,0.08655332302936625
08125,08,125,2003,3535,3833,0.08429985855728428
08125,08,125,2004,3362,3688,0.09696609161213554
08125,08,125,2005,3346,3615,0.08039450089659295
08125,08,125,2006,3311,3577,0.08033826638477803
08125,08,125,2007,3402,3678,0.08112874779541457
08125,08,125,2008,3415,3672,0.07525622254758413
08125,08,125,2009,3350,3582,0.0692537313432835
08125,08,125,2010,3450,3691,0.0698550724637681
08125,08,125,2011,3489,3719,0.06592146746918881
08125,08,125,2012,3383,3634,0.07419450192137167
08125,08,125,2013,3340,3548,0.0622754491017965
08125,08,125,2014,3788,4017,0.06045406546990506
08125,08,125,2015,3584,3827,0.06780133928571419
08125,08,125,2016,3684,3914,0.06243213897937028
08125,08,125,2017,3623,3887,0.07286778912503444
08125,08,125,2018,3427,3660,0.06798949518529329
08125,08,125,2019,3863,4240,0.0975925446544137
08125,08,125,2020,3614,3858,0.06751521859435528
08125,08,125,2021,3451,3689,0.06896551724137923
08125,08,125,2022,3366,3611,0.0727866904337493
